{
  "examples": "IV bolus administration (direct intravenous injection)",
  "description": "IV bolus insulin is administered directly into the bloodstream in hospital settings for rapid blood sugar control. It acts almost immediately with a very short duration, typically used in emergency situations or during medical procedures.",
  "minuteDecays": {
    "0": 0.7792068595927117,
    "5": 0.8670953912111469,
    "10": 0.8821007502679529,
    "15": 0.834941050375134,
    "20": 0.7352625937834941,
    "25": 0.5530546623794212,
    "30": 0.3590568060021436,
    "35": 0.21436227224008575,
    "40": 0.11146838156484462,
    "45": 0.05144694533762062,
    "50": 0.02143622722400862,
    "55": 0
  }
}
